id,tema,pregunta,a,b,c,d,correcta,ref
T08-0001,8,"Según el artículo 1 de la Ley Orgánica 3/2007, el objeto de la ley es hacer efectivo el derecho de igualdad de trato y de oportunidades...",Exclusivamente en el ámbito laboral.,Entre mujeres y hombres, en particular mediante la eliminación de la discriminación de la mujer.,Entre ciudadanos nacionales y extranjeros.,En el acceso a la función pública únicamente.,B
T08-0002,8,El ámbito de aplicación de la Ley 3/2007 se extiende a...,Solo a las personas físicas de nacionalidad española.,"Toda persona, física o jurídica, que se encuentre o actúe en territorio español, cualquiera que fuese su nacionalidad, domicilio o residencia.",Solo al sector público.,Solo a las empresas con más de 50 trabajadores.,B,LO 3/2007 Art. 2
T08-0003,8,"El principio de igualdad de trato entre mujeres y hombres supone la ausencia de toda discriminación por razón de sexo, y especialmente las derivadas de...",La edad y la raza.,"La maternidad, la asunción de obligaciones familiares y el estado civil.",El nivel de renta y estudios.,La afiliación política.,B,LO 3/2007 Art. 3
T08-0004,8,"Según el artículo 4, la igualdad de trato y de oportunidades entre mujeres y hombres es un principio...",Rector de la política social.,Informador del ordenamiento jurídico.,Subsidiario de la Constitución.,Organizativo de la Administración.,B,LO 3/2007 Art. 4
T08-0005,8,Se considera discriminación directa por razón de sexo...,Cualquier trato desfavorable relacionado con el embarazo.,"La situación en que se encuentra una persona que sea, haya sido o pudiera ser tratada, en atención a su sexo, de manera menos favorable que otra en situación comparable.",El acoso sexual.,La discriminación inversa.,B,LO 3/2007 Art. 6
T08-0006,8,"La situación en que una disposición, criterio o práctica aparentemente neutros pone a personas de un sexo en desventaja particular con respecto a personas del otro, se denomina...",Discriminación directa.,Discriminación indirecta.,Acoso por razón de sexo.,Acción positiva.,B,LO 3/2007 Art. 6
T08-0007,8,"En el caso de discriminación indirecta, la disposición o práctica no se considerará discriminatoria si...",El empresario no tenía intención de discriminar.,Pieda justificarse objetivamente en atención a una finalidad legítima y los medios para alcanzarla sean necesarios y adecuados.,Afecta a menos del 10% de la plantilla.,Es aprobada por los sindicatos.,B,LO 3/2007 Art. 6
T08-0008,8,El acoso sexual se define como cualquier comportamiento...,Físico o verbal de naturaleza sexual que tenga el propósito o produzca el efecto de atentar contra la dignidad de una persona, en particular creando un entorno intimidatorio, degradante u ofensivo.,Basado en el sexo de una persona que atente contra su dignidad.,Discriminatorio en el salario.,Relacionado con el embarazo.
T08-0009,8,"El comportamiento realizado en función del sexo de una persona, con el propósito o efecto de atentar contra su dignidad y crear un entorno intimidatorio, se considera...",Acoso sexual.,Acoso por razón de sexo.,Discriminación indirecta.,Violencia de género.,B,LO 3/2007 Art. 7
T08-0010,8,El condicionamiento de un derecho o de una expectativa de derecho a la aceptación de una situación constitutiva de acoso sexual o de acoso por razón de sexo se considerará...,Chantaje.,Acto de discriminación por razón de sexo.,Abuso de poder.,Falta leve.,B,LO 3/2007 Art. 7
T08-0011,8,¿Constituye discriminación directa por razón de sexo el trato desfavorable a las mujeres relacionado con el embarazo o la maternidad?,No, es una contingencia común.,"Sí, en todo caso.",Solo si conlleva despido.,Solo si no está justificado.,B
T08-0012,8,La indemnidad frente a represalias (art. 9) prohíbe el trato adverso ante...,Una huelga.,"Una queja, reclamación, denuncia, demanda o recurso destinada a impedir su discriminación y a exigir el cumplimiento efectivo del principio de igualdad.",La solicitud de vacaciones.,La negociación colectiva.,B,LO 3/2007 Art. 9
T08-0013,8,Los actos y cláusulas de los negocios jurídicos que constituyan o causen discriminación por razón de sexo se considerarán...,Anulables.,Nulos y sin efecto.,Válidos si hay acuerdo.,Subsanables.,B,LO 3/2007 Art. 10
T08-0014,8,"Para hacer efectivo el derecho constitucional de igualdad, las personas físicas y jurídicas podrán adoptar medidas específicas a favor de las mujeres para corregir situaciones patentes de desigualdad. Estas medidas se denominan...",Discriminación positiva.,Acciones positivas.,Ventajas sociales.,Ayudas familiares.,B,LO 3/2007 Art. 11
T08-0015,8,"Cualquier persona podrá recabar la tutela del derecho a la igualdad ante los tribunales, incluso tras la terminación de la relación en la que supuestamente se ha producido la discriminación. Este derecho se aplica a...",Solo personas físicas.,Personas físicas y jurídicas con interés legítimo.,Solo sindicatos.,Solo el Ministerio Fiscal.,B,LO 3/2007 Art. 12
T08-0016,8,"En los procedimientos en los que las alegaciones de la parte actora se fundamenten en actuaciones discriminatorias, corresponderá a la parte demandada...",Negar los hechos.,Probar la ausencia de discriminación en las medidas adoptadas y su proporcionalidad.,Pagar las costas siempre.,Solicitar el archivo.,B,LO 3/2007 Art. 13
T08-0017,8,La inversión de la carga de la prueba prevista en el artículo 13 NO será de aplicación a...,Los procesos civiles.,Los procesos penales y sancionadores administrativos.,Los procesos laborales.,Los recursos contencioso-administrativos.,B,LO 3/2007 Art. 13
T08-0018,8,El Título V de la Ley 3/2007 regula el principio de igualdad en...,La empresa privada.,El empleo público.,Los medios de comunicación.,La educación.,B,LO 3/2007 Título V
T08-0019,8,"Según el artículo 51, las Administraciones públicas deben remover los obstáculos que impliquen la pervivencia de cualquier tipo de discriminación con el fin de ofrecer condiciones de igualdad efectiva en...",El acceso y la promoción exclusivamente.,El acceso al empleo público y en el desarrollo de la carrera profesional.,Las retribuciones básicas solamente.,Los permisos de vacaciones.,B,LO 3/2007 Art. 51
T08-0020,8,"Para asegurar la igualdad en el empleo público, las Administraciones aprobarán y evaluarán...",Convenios colectivos.,Planes de igualdad.,Leyes orgánicas.,Reglamentos disciplinarios.,B,LO 3/2007 Art. 51
T08-0021,8,Las pruebas de acceso al empleo público se someterán a un informe de impacto de género...,Siempre.,Cuando se establezcan o modifiquen las bases de las convocatorias (siempre que no sean de mero trámite).,Solo en la AGE.,Nunca.,B,LO 3/2007 Art. 51 (Interpretación principios)
T08-0022,8,"En las ofertas de empleo público, ¿qué porcentaje se debe reservar para mujeres según la Ley 3/2007?",El 50%.,"No establece una cuota fija, sino el principio de presencia equilibrada.",El 40%.,El 60%.,B,LO 3/2007 Art. 52/53
T08-0023,8,El Gobierno aprobará un Plan de Igualdad en la Administración General del Estado al inicio de...,Cada año.,Cada legislatura.,Cada década.,Cada semestre.,B,LO 3/2007 Art. 64
T08-0024,8,El principio de presencia equilibrada en los órganos de selección y valoración (art. 53) implica que...,Haya el mismo número exacto de hombres y mujeres.,Se tienda a que ningún sexo supere el 60% ni sea menos del 40%.,Haya más mujeres que hombres.,Solo se aplica a los presidentes.,B,LO 3/2007 (Disp. Adic. 1ª y contexto Art 53)
T08-0025,8,"Si en un tribunal de selección no se puede cumplir la paridad por razones fundadas y objetivas, se debe...",Suspender la convocatoria.,Motivar la excepción.,Cambiar el tribunal.,Anular las oposiciones.,B,LO 3/2007 Art. 53
T08-0026,8,"En la designación de representantes de la Administración General del Estado en órganos colegiados, se deberá observar el principio de...",Jerarquía.,Presencia equilibrada de mujeres y hombres.,Antigüedad.,Mérito y capacidad.,B,LO 3/2007 Art. 54
T08-0027,8,La Administración General del Estado llevará un registro desagregado por sexo de...,Los sueldos.,Los cargos nombrados y de los miembros de órganos colegiados.,Las bajas médicas.,Los viajes oficiales.,B,LO 3/2007 Art. 54 (Implícito en deber de información)
T08-0028,8,El informe de impacto de género es preceptivo para la aprobación de...,Solo Leyes Orgánicas.,"Proyectos de ley, reglamentos y planes de especial relevancia económica y social.",Cualquier acto administrativo.,Solo los Presupuestos.,B,LO 3/2007 Art. 19 (Referencia cruzada) / Art 55 (Contexto AGE)
T08-0029,8,La licencia por riesgo durante el embarazo en el ámbito de la función pública se considera una situación protegida a efectos de...,Jubilación.,Retribuciones y cotización.,Antigüedad solamente.,Vacaciones.,B,LO 3/2007 Art. 58
T08-0030,8,Las funcionarias víctimas de violencia de género tienen derecho a la excedencia...,Por un plazo máximo de 3 años.,Sin necesidad de haber prestado un tiempo mínimo de servicios previos.,Con sueldo íntegro siempre.,Solo si tienen hijos.,B,LO 3/2007 Art. 58 (Modificación EBEP)
T08-0031,8,"En el ámbito de la AGE, se promoverá la formación en igualdad...",Solo para mujeres.,Para todos los empleados públicos.,Solo para directivos.,Solo para sindicatos.,B,LO 3/2007 Art. 51
T08-0032,8,El protocolo de actuación frente al acoso sexual y por razón de sexo en la AGE debe ser...,Secreto.,Negociado con la representación legal de los trabajadores.,Impuesto por el Ministro.,Opcional.,B,LO 3/2007 Art. 62
T08-0033,8,"Para la evaluación del cumplimiento del principio de igualdad en el empleo público, se elaborará un informe...",Semestral.,Anual.,Quinquenal.,Mensual.,B,LO 3/2007 Art. 64
T08-0034,8,Las normas sobre personal de las Fuerzas Armadas procurarán la efectividad del principio de igualdad especialmente en...,El uniforme.,"El régimen de acceso, formación, ascensos, destinos y situaciones administrativas.",El saludo militar.,El armamento.,B,LO 3/2007 Art. 65
T08-0035,8,Las normas de igualdad y conciliación de la Administración Pública se aplicarán a las Fuerzas Armadas...,Directamente.,Con las adaptaciones que resulten necesarias y en los términos de su normativa específica.,No se aplican.,Solo en tiempo de paz.,B,LO 3/2007 Art. 66
T08-0036,8,"En las Fuerzas y Cuerpos de Seguridad del Estado, se promoverá la igualdad efectiva impidiendo discriminación en...",El acceso y la formación.,"El sistema de acceso, formación, ascensos, destinos y situaciones administrativas.",El uso de la fuerza.,Los horarios de patrulla.,B,LO 3/2007 Art. 67
T08-0037,8,"La conciliación de la vida personal, familiar y profesional en las Fuerzas y Cuerpos de Seguridad se regirá por...",El Estatuto de los Trabajadores.,"Las normas de la Administración Pública, adaptándose a las peculiaridades de sus funciones.",La libre voluntad del mando.,El Código Penal Militar.,B,LO 3/2007 Art. 68
T08-0038,8,El permiso de paternidad (actualmente permiso del progenitor diferente de la madre biológica) se reconoce en la Ley 3/2007 como una medida para...,Fomentar la natalidad.,Fomentar la corresponsabilidad y la conciliación.,Dar descanso al padre.,Reducir el paro.,B,LO 3/2007 (Preámbulo y contexto Art 51)
T08-0039,8,La protección frente al acoso sexual y por razón de sexo en la Administración incluye...,Solo sanciones penales.,La adopción de medidas preventivas y protocolos de actuación.,Solo el traslado de la víctima.,La mediación obligatoria.,B,LO 3/2007 Art. 62
T08-0040,8,¿Qué órgano evalúa anualmente el cumplimiento del Plan de Igualdad en la AGE?,El Parlamento.,El Consejo de Ministros.,El Tribunal de Cuentas.,Los sindicatos.,B,LO 3/2007 Art. 64
T08-0041,8,La discriminación por embarazo se considera discriminación...,Indirecta.,Directa por razón de sexo.,Laboral genérica.,Justificada.,B,LO 3/2007 Art. 8
T08-0042,8,Las acciones positivas (Art. 11) deben ser...,Eternas.,Razonables y proporcionadas en relación con el objetivo perseguido.,Discriminatorias para los hombres.,Económicas.,B,LO 3/2007 Art. 11
T08-0043,8,El acoso por razón de sexo se diferencia del acoso sexual en que...,No es grave.,"No tiene naturaleza sexual, sino que se basa en el sexo de la persona.",Es físico y no verbal.,Solo afecta a hombres.,B,LO 3/2007 Art. 7
T08-0044,8,"Si una mujer es tratada desfavorablemente por ejercer sus derechos de conciliación, se considera...",Mala suerte.,Discriminación por razón de sexo.,Problema organizativo.,Conflicto laboral común.,B,LO 3/2007 Art. 6
T08-0045,8,La tutela judicial efectiva contra la discriminación comprende la adopción de medidas cautelares para...,Castigar al culpable.,El cese inmediato de la conducta discriminatoria.,Recaudar fondos.,Publicar la sentencia.,B,LO 3/2007 Art. 12
T08-0046,8,"En un juicio por discriminación de género, ¿quién debe probar que la medida adoptada no es discriminatoria?",La víctima.,La parte demandada (inversión de la carga de la prueba).,El juez.,El fiscal.,B,LO 3/2007 Art. 13
T08-0047,8,"Las Administraciones Públicas, en el ámbito de sus competencias, deben fomentar la implantación de planes de igualdad en...",Solo empresas públicas.,"Las empresas privadas, especialmente en las pymes.",Solo multinacionales.,Solo ONGs.,B,LO 3/2007 (Principio general Art 49 implícito en Título V)
T08-0048,8,El principio de igualdad de trato se aplicará a...,Solo españoles.,Todas las personas físicas y jurídicas en territorio español.,Solo residentes legales.,Solo trabajadores por cuenta ajena.,B,LO 3/2007 Art. 2
T08-0049,8,Las obligaciones establecidas en la Ley 3/2007 serán de aplicación a...,Solo el Estado.,"Toda persona, física o jurídica, que se encuentre o actúe en territorio español.",Solo la Administración.,Solo las grandes empresas.,B,LO 3/2007 Art. 2
T08-0050,8,La definición de discriminación indirecta exige que la disposición aparentemente neutra ponga a personas de un sexo en...,Peligro.,Desventaja particular con respecto a personas del otro.,Situación de superioridad.,Conflicto legal.,B,LO 3/2007 Art. 6
T08-0051,8,"En el acceso al empleo, ¿cuándo NO constituye discriminación una diferencia de trato basada en el sexo?",Nunca, siempre es discriminación.,"Cuando constituya un requisito profesional esencial y determinante, siempre que el objetivo sea legítimo y el requisito proporcionado.",Cuando lo decida el empresario por razones organizativas.,Cuando se trate de trabajos físicos.,B
T08-0052,8,"Según el artículo 6.3, ¿se considera discriminatoria la orden de discriminar?",Sí, solo si es directa.,"Sí, tanto directa como indirectamente.",No, solo la ejecución de la orden.,Solo si se da por escrito.
T08-0053,8,"En los litigios sobre acoso sexual y acoso por razón de sexo, ¿quién está legitimado para intervenir?",Cualquier sindicato.,Únicamente la persona acosada.,El comité de empresa.,La Inspección de Trabajo de oficio.,B,LO 3/2007 Art. 12
T08-0054,8,"El órgano judicial, en procedimientos sobre discriminación, podrá recabar informe o dictamen de...",La policía.,Los organismos públicos competentes.,Un perito privado pagado por el demandante.,El Instituto Nacional de Estadística.,B,LO 3/2007 Art. 13
T08-0055,8,Las medidas de acción positiva (art. 11) serán aplicables...,Indefinidamente.,En tanto subsistan las situaciones de patente desigualdad de hecho.,Durante un máximo de 5 años.,Hasta que lo decida el juez.,B,LO 3/2007 Art. 11
T08-0056,8,La igualdad de trato y oportunidades se garantizará también en el acceso al trabajo...,Solo por cuenta ajena.,Incluso al trabajo por cuenta propia.,Solo en el sector público.,Exclusivamente en grandes empresas.,B,LO 3/2007 Art. 5
T08-0057,8,El principio de presencia equilibrada se aplica a los nombramientos que correspondan a la AGE en...,Los consejos de barrio.,Los consejos de administración de las empresas en cuyo capital participe.,Las comunidades de vecinos.,Las asociaciones culturales.,B,LO 3/2007 Art. 54
T08-0058,8,"La aprobación de convocatorias de pruebas selectivas para el empleo público deberá acompañarse de un informe de impacto de género, salvo...",En las oposiciones libres.,En casos de urgencia.,En los concursos de méritos.,En la promoción interna.,B,LO 3/2007 Art. 55
T08-0059,8,"En las bases de los concursos para la provisión de puestos de trabajo, ¿se computa el tiempo permanecido en excedencia por cuidado de familiares?",No, porque no es servicio activo.,"Sí, a los efectos de valoración del trabajo desarrollado y de los correspondientes méritos.",Solo a efectos de antigüedad.,Solo si se solicita el reingreso antes de un año.,B
T08-0060,8,"Durante la licencia por riesgo durante el embarazo, se garantizará...",El 75% de las retribuciones.,La plenitud de los derechos económicos de la funcionaria.,El sueldo base sin complementos.,Solo la cotización a la Seguridad Social.,B,LO 3/2007 Art. 58
T08-0061,8,"Si el periodo de vacaciones coincide con una incapacidad temporal derivada del embarazo, la empleada pública tendrá derecho a disfrutarlas...",Perdiendo los días coincidentes.,"En fecha distinta, aunque haya terminado el año natural al que correspondan.",Solo si sobran días.,Antes de la baja médica obligatoriamente.,B,LO 3/2007 Art. 59
T08-0062,8,¿Quiénes tienen preferencia durante un año en la adjudicación de plazas para cursos de formación?,Los mayores de 55 años.,Quienes se hayan incorporado al servicio activo procedentes del permiso de maternidad/paternidad o excedencia por cuidado.,Los funcionarios de nuevo ingreso.,Los representantes sindicales.,B,LO 3/2007 Art. 60
T08-0063,8,"Para facilitar el acceso a puestos directivos, ¿qué porcentaje de plazas en cursos de formación se reservará a empleadas públicas?",Al menos el 50%.,Al menos un 40%.,El 60%.,El 30%.,B,LO 3/2007 Art. 60
T08-0064,8,Las pruebas de acceso al empleo público de la AGE contemplarán...,Pruebas físicas diferenciadas.,El estudio y la aplicación del principio de igualdad entre mujeres y hombres.,Una entrevista personal obligatoria.,Un test de personalidad.,B,LO 3/2007 Art. 61
T08-0065,8,El protocolo de actuación frente al acoso (Art. 62) debe incluir el tratamiento...,Público de las denuncias.,Reservado de las denuncias.,Judicial inmediato.,Disciplinario automático.,B,LO 3/2007 Art. 62
T08-0066,8,El Plan de Igualdad en la AGE será objeto de negociación con...,El Consejo de Estado.,La representación legal de los empleados públicos.,Las asociaciones feministas.,El Parlamento.,B,LO 3/2007 Art. 64
T08-0067,8,El cumplimiento del Plan de Igualdad en la AGE será evaluado anualmente por...,El Ministerio de Igualdad.,El Consejo de Ministros.,La Inspección de Trabajo.,El Defensor del Pueblo.,B,LO 3/2007 Art. 64
T08-0068,8,"En las Fuerzas Armadas, las normas de igualdad se aplicarán especialmente en...",El código disciplinario.,"El régimen de acceso, formación, ascensos, destinos y situaciones administrativas.",Las misiones internacionales.,El uso de uniformes.,B,LO 3/2007 Art. 65
T08-0069,8,La prevención de la violencia de género y sexual en las Fuerzas y Cuerpos de Seguridad se regirá por...,El Código Penal Militar.,"Las normas referidas al personal de las administraciones públicas, adaptándose a las peculiaridades de sus funciones.",La Ley de Enjuiciamiento Criminal.,Reglamentos internos secretos.,B,LO 3/2007 Art. 68
T08-0070,8,La información sobre la aplicación del principio de igualdad que los Ministerios remiten anualmente debe incluir datos desagregados por...,Edad.,Sexo.,Provincia.,Antigüedad.,B,LO 3/2007 Art. 63
T08-0071,8,¿Qué se entiende por presencia equilibrada según la Disposición Adicional Primera de la Ley (referida en el contexto de la ley)?,50% exacto de cada sexo.,Que las personas de cada sexo no superen el 60% ni sean menos del 40%.,Que haya más mujeres que hombres.,Cualquier proporción decidida por el órgano.,B,LO 3/2007 (Principio general)
T08-0072,8,El condicionamiento de un derecho a la aceptación de una situación de acoso sexual se considera...,Coacción.,Acto de discriminación por razón de sexo.,Delito de agresiones.,Infracción leve.,B,LO 3/2007 Art. 7
T08-0073,8,La nulidad de los actos discriminatorios dará lugar a responsabilidad a través de un sistema de...,Multas administrativas solo.,"Reparaciones o indemnizaciones reales, efectivas y proporcionadas.",Disculpas públicas.,Reingreso obligatorio.,B,LO 3/2007 Art. 10
T08-0074,8,"Las obligaciones de la Ley 3/2007 se aplican a toda persona que actúe en territorio español, cualquiera que fuese su...",Situación legal.,"Nacionalidad, domicilio o residencia.",Estado civil.,Condición laboral.,B,LO 3/2007 Art. 2
T08-0075,8,El principio de igualdad se integrará en la interpretación y aplicación de...,Solo las leyes laborales.,Las normas jurídicas (principio informador del ordenamiento).,Los convenios privados.,Las sentencias penales solo.,B,LO 3/2007 Art. 4
T08-0076,8,El acoso por razón de sexo requiere que el comportamiento se realice...,Con violencia física.,En función del sexo de una persona.,Con intención sexual explícita.,Por un superior jerárquico.,B,LO 3/2007 Art. 7
T08-0077,8,La inversión de la carga de la prueba (Art. 13) no se aplica en...,Los procesos de despido.,Los procesos penales.,Los procesos contencioso-administrativos.,Los procesos civiles.,B,LO 3/2007 Art. 13
T08-0078,8,"En la AGE, se debe fomentar la formación en igualdad...",Solo al inicio.,Tanto en el acceso al empleo público como a lo largo de la carrera profesional.,Solo para los mandos.,De forma voluntaria.,B,LO 3/2007 Art. 51
T08-0079,8,Los tribunales de selección de la AGE responderán al principio de presencia equilibrada salvo...,Por falta de candidatos.,"Por razones fundadas y objetivas, debidamente motivadas.",Si son plazas de urgencia.,Si lo deciden los sindicatos.,B,LO 3/2007 Art. 53
T08-0080,8,La designación de representantes de la AGE en comités de expertos internacionales debe respetar...,El turno rotatorio.,El principio de presencia equilibrada.,La antigüedad en el cargo.,El idioma.,B,LO 3/2007 Art. 54
T08-0081,8,El Gobierno aprobará el Plan de Igualdad en la AGE al inicio de...,Cada año natural.,Cada legislatura.,Cada ejercicio presupuestario.,El mandato del Presidente.,B,LO 3/2007 Art. 64
T08-0082,8,¿Qué ministerio recibe la información anual sobre la aplicación del principio de igualdad en los departamentos ministeriales?,El Ministerio de Justicia.,Los Ministerios de Trabajo y Asuntos Sociales y de Administraciones Públicas (según denominación original en Ley).,El Ministerio de Hacienda.,El Ministerio del Interior.,B,LO 3/2007 Art. 63
T08-0083,8,El permiso de paternidad se reconoce con la finalidad de...,Aumentar las vacaciones.,Proteger la maternidad y facilitar la conciliación.,Sustituir a la madre.,Reducir costes.,B,LO 3/2007 Art. 56
T08-0084,8,La licencia por riesgo durante la lactancia natural garantiza...,La reducción de jornada.,La plenitud de derechos económicos.,El cambio de centro.,La excedencia forzosa.,B,LO 3/2007 Art. 58
T08-0085,8,El derecho a disfrutar vacaciones en fecha distinta por coincidencia con permiso de paternidad...,No existe.,Se reconoce expresamente en el artículo 59.,Solo si el padre lo solicita con 2 meses de antelación.,Depende del jefe.,B,LO 3/2007 Art. 59
T08-0086,8,La reserva del 40% de plazas en cursos de formación se dirige a...,Cursos de informática.,Cursos que faciliten la promoción profesional y el acceso a puestos directivos.,Cursos de idiomas.,Cursos de prevención de riesgos.,B,LO 3/2007 Art. 60
T08-0087,8,La formación sobre prevención de la violencia de género en la AGE se dirigirá a...,Las mujeres víctimas.,Todo su personal.,Solo a los servicios de seguridad.,Solo a los trabajadores sociales.,B,LO 3/2007 Art. 61
T08-0088,8,El protocolo frente al acoso sexual debe identificar...,Las sanciones.,A las personas responsables de atender a quienes formulen una queja.,La lista de acosadores.,El juzgado competente.,B,LO 3/2007 Art. 62
T08-0089,8,La instrucción a todo el personal de su deber de respetar la dignidad es un principio del...,Código Penal.,Protocolo de actuación frente al acoso (Art. 62).,Estatuto de los Trabajadores.,Reglamento de Régimen Interior.,B,LO 3/2007 Art. 62
T08-0090,8,El Plan de Igualdad establecerá...,Sanciones.,"Los objetivos a alcanzar y las estrategias o medidas a adoptar"""".""",El presupuesto detallado.,El nombre de los responsables.,B,LO 3/2007 Art. 64
T08-0091,8,Las normas de las Fuerzas Armadas procurarán la efectividad del principio de igualdad...,En el combate.,"En el régimen de acceso, formación, ascensos, destinos y situaciones administrativas.",En el saludo.,En las retribuciones de guerra.,B,LO 3/2007 Art. 65
T08-0092,8,La conciliación de la vida personal y familiar en las Fuerzas y Cuerpos de Seguridad se aplicará...,Sin restricciones.,Adaptándose a las peculiaridades de las funciones que tienen encomendadas.,Solo en servicios administrativos.,Según el criterio del sindicato policial.,B,LO 3/2007 Art. 68
T08-0093,8,La discriminación por maternidad se considera discriminación directa por razón de sexo. ¿Incluye esto todo trato desfavorable relacionado con el embarazo?,No, solo el despido.,"Sí, todo trato desfavorable relacionado con el embarazo o la maternidad.",Solo si hay baja médica.,Depende de la semana de gestación.,B
T08-0094,8,El acoso sexual se define como comportamiento de naturaleza sexual que tenga el propósito o...,El motivo.,Produzca el efecto de atentar contra la dignidad.,La intención probada.,El resultado físico.,B,LO 3/2007 Art. 7
T08-0095,8,La discriminación indirecta puede justificarse objetivamente si...,Ahorra costes.,Atiende a una finalidad legítima y los medios son necesarios y adecuados.,Es tradición en la empresa.,Nadie se queja.,B,LO 3/2007 Art. 6
T08-0096,8,El principio de igualdad de trato supone la ausencia de toda discriminación...,Directa.,Directa o indirecta.,Laboral.,Salarial.,B,LO 3/2007 Art. 3
T08-0097,8,¿Qué tipo de discriminación es aquella en la que una norma aparentemente neutra perjudica más a un sexo?,Directa.,Indirecta.,Inversa.,Positiva.,B,LO 3/2007 Art. 6
T08-0098,8,Las medidas de protección frente al acoso sexual en la AGE deben ser...,Teóricas.,Efectivas (Art. 51.e).,Voluntarias.,Sancionadoras exclusivamente.,B,LO 3/2007 Art. 51
T08-0099,8,El Gobierno atenderá al principio de presencia equilibrada en el nombramiento de titulares de órganos directivos considerados...,Individualmente.,En su conjunto.,Por ministerios.,Por orden alfabético.,B,LO 3/2007 Art. 52
T08-0100,8,La representación de la AGE en comisiones de valoración de méritos se ajustará al principio de...,Jerarquía.,Composición equilibrada de ambos sexos.,Antigüedad.,Especialización.,B,LO 3/2007 Art. 53
T08-0101,8,¿Qué finalidad persigue la Ley Orgánica 3/2007 según su artículo 1?,Eliminar el paro femenino.,"Alcanzar una sociedad más democrática, más justa y más solidaria.",Sancionar a las empresas discriminatorias.,Crear un ministerio de igualdad.,B,LO 3/2007 Art. 1
T08-0102,8,Las obligaciones establecidas en la Ley 3/2007 se aplican a las personas jurídicas...,Solo públicas.,Tanto públicas como privadas.,Solo privadas con ánimo de lucro.,Solo fundaciones.,B,LO 3/2007 Art. 2
T08-0103,8,"El principio de igualdad de trato y de oportunidades es un principio informador del ordenamiento jurídico, por lo que...",Solo sirve para orientar.,Se integrará y observará en la interpretación y aplicación de las normas jurídicas.,No tiene fuerza vinculante.,Solo se aplica en derecho civil.,B,LO 3/2007 Art. 4
T08-0104,8,No constituirá discriminación en el acceso al empleo una diferencia de trato basada en el sexo cuando el requisito profesional sea...,Conveniente.,Esencial y determinante.,Tradicional en el sector.,Aprobado por convenio.,B,LO 3/2007 Art. 5
T08-0105,8,La discriminación directa por razón de sexo se define como la situación en que una persona sea tratada...,De forma diferente.,De manera menos favorable que otra en situación comparable.,Con discriminación positiva.,Con indiferencia.,B,LO 3/2007 Art. 6
T08-0106,8,"Para que exista discriminación indirecta, la disposición, criterio o práctica debe ser...",Claramente machista.,Aparentemente neutra.,Ilegal de origen.,Exclusiva para mujeres.,B,LO 3/2007 Art. 6
T08-0107,8,El acoso sexual se considera discriminatorio incluso si...,No hay contacto físico.,"Crea un entorno intimidatorio, degradante u ofensivo (aunque no haya propósito explícito, basta el efecto).",Es entre personas del mismo sexo.,Ocurre fuera del trabajo.,B,LO 3/2007 Art. 7
T08-0108,8,Constituye discriminación directa por razón de sexo todo trato desfavorable a las mujeres relacionado con...,Su estado civil.,El embarazo o la maternidad.,Su edad.,Su nivel de estudios.,B,LO 3/2007 Art. 8
T08-0109,8,La indemnidad frente a represalias protege contra cualquier trato adverso que obedezca a...,Una huelga.,"Una queja, reclamación, denuncia, demanda o recurso para exigir el cumplimiento del principio de igualdad.",Una opinión política.,Una baja médica.,B,LO 3/2007 Art. 9
T08-0110,8,"Los actos discriminatorios son nulos y sin efecto, y darán lugar a responsabilidad a través de un sistema de...",Sanciones penales.,"Reparaciones o indemnizaciones que sean reales, efectivas y proporcionadas al perjuicio sufrido.",Perdón público.,Trabajos comunitarios.,B,LO 3/2007 Art. 10
T08-0111,8,Las acciones positivas (art. 11) tienen como fin...,Otorgar privilegios.,Corregir situaciones patentes de desigualdad de hecho respecto de las mujeres.,Discriminar a los hombres.,Cumplir cuotas europeas.,B,LO 3/2007 Art. 11
T08-0112,8,La capacidad y legitimación para intervenir en litigios sobre discriminación se reconoce a...,Solo la víctima.,Las personas físicas y jurídicas con interés legítimo.,Solo el fiscal.,Solo la administración.,B,LO 3/2007 Art. 12
T08-0113,8,"En los procesos sobre discriminación, corresponde a la parte demandada probar...",Que la víctima miente.,Que las medidas adoptadas obedecen a motivos razonables y ajenos a todo propósito discriminatorio.,Que no sabía nada.,Que la ley es injusta.,B,LO 3/2007 Art. 13
T08-0114,8,El criterio de actuación de las Administraciones Públicas para la igualdad se basa en...,La pasividad.,Remover los obstáculos que impliquen la pervivencia de cualquier tipo de discriminación.,Sancionar a los ciudadanos.,Crear impuestos especiales.,B,LO 3/2007 Art. 51
T08-0115,8,Las Administraciones Públicas promoverán la igualdad en el empleo público...,Solo en el acceso.,"En el acceso, la formación y la promoción profesional.",Solo en las retribuciones.,Solo en los permisos.,B,LO 3/2007 Art. 51
T08-0116,8,El principio de presencia equilibrada se aplica a los nombramientos de...,Personal laboral.,Titulares de órganos directivos de la AGE.,Becarios.,Contratistas.,B,LO 3/2007 Art. 52
T08-0117,8,Los órganos de selección del personal de la AGE responderán al principio de...,Jerarquía.,Presencia equilibrada de mujeres y hombres.,Antigüedad.,Especialización técnica.,B,LO 3/2007 Art. 53
T08-0118,8,"Si no es posible mantener la paridad en un tribunal de selección, se deberá...",Anular la convocatoria.,Motivar las razones fundadas y objetivas.,Pedir perdón.,Sustituir a todos los miembros.,B,LO 3/2007 Art. 53
T08-0119,8,La designación de representantes de la AGE en órganos colegiados debe...,Ser aleatoria.,Observar el principio de presencia equilibrada.,Basarse en la edad.,Ser rotatoria.,B,LO 3/2007 Art. 54
T08-0120,8,La aprobación de convocatorias de pruebas selectivas requiere un informe de impacto de género...,Opcional.,Preceptivo (obligatorio).,Vinculante siempre.,Innecesario.,B,LO 3/2007 Art. 55
T08-0121,8,"En la provisión de puestos de trabajo, el tiempo de excedencia por cuidado de hijos se computa a efectos de...",Jubilación.,Valoración del trabajo desarrollado y méritos.,Trienios solo.,Vacaciones.,B,LO 3/2007 Art. 57
T08-0122,8,La licencia por riesgo durante el embarazo garantiza...,El puesto de trabajo.,La plenitud de derechos económicos de la funcionaria durante toda su duración.,El teletrabajo.,La baja definitiva.,B,LO 3/2007 Art. 58
T08-0123,8,La licencia por riesgo durante la lactancia natural se concede cuando...,La madre lo pide.,Las condiciones de trabajo pudieran influir negativamente en la salud de la mujer o del hijo.,El bebé llora mucho.,No hay guardería.,B,LO 3/2007 Art. 58
T08-0124,8,"Si por permiso de maternidad no se disfrutan las vacaciones en el año natural, se podrán disfrutar...",Nunca.,"Finalizado el período de permiso, aunque haya terminado el año natural.",Al año siguiente pero solo la mitad.,Se pagan en dinero.,B,LO 3/2007 Art. 59
T08-0125,8,La preferencia en la adjudicación de plazas de formación tras una excedencia por cuidado dura...,6 meses.,Un año.,2 años.,3 años.,B,LO 3/2007 Art. 60
T08-0126,8,"Para facilitar la promoción profesional de las mujeres, se reservará en los cursos de formación al menos...",Un 20% de plazas.,Un 40% de las plazas.,Un 50% de las plazas.,Un 60% de las plazas.,B,LO 3/2007 Art. 60
T08-0127,8,Las pruebas de acceso a la AGE procurarán la aplicación del principio de igualdad...,Teórica.,Práctica (estudio y aplicación del principio).,Voluntaria.,Estadística.,B,LO 3/2007 Art. 61
T08-0128,8,El protocolo de actuación frente al acoso sexual en la AGE determinará...,Las penas de cárcel.,Las personas responsables de atender la queja y el procedimiento a seguir.,La indemnización automática.,El despido del acosador.,B,LO 3/2007 Art. 62
T08-0129,8,Los departamentos ministeriales deben remitir información sobre la aplicación del principio de igualdad...,Mensualmente.,Anualmente.,Semestralmente.,Cada legislatura.,B,LO 3/2007 Art. 63
T08-0130,8,¿Quién elabora el informe conjunto sobre la evaluación de la igualdad en la AGE?,El Ministerio de Igualdad solo.,Los Ministerios competentes en Trabajo/Asuntos Sociales y Administraciones Públicas.,El INE.,El Consejo de Estado.,B,LO 3/2007 Art. 63
T08-0131,8,El Plan de Igualdad en la AGE se aprobará...,Por Ley.,"Por el Gobierno, al inicio de cada legislatura.",Por los sindicatos.,Por el Rey.,B,LO 3/2007 Art. 64
T08-0132,8,Las normas de las Fuerzas Armadas deben impedir cualquier situación de...,Privilegio.,Discriminación profesional entre mujeres y hombres.,Mando único.,Jerarquía.,B,LO 3/2007 Art. 65
T08-0133,8,La aplicación de las normas de igualdad en las Fuerzas Armadas se realizará...,Sin cambios.,Con las adaptaciones que resulten necesarias.,Solo en tierra.,Solo para oficiales.,B,LO 3/2007 Art. 66
T08-0134,8,En las Fuerzas y Cuerpos de Seguridad del Estado se promoverá la igualdad efectiva en...,El armamento.,"El sistema de acceso, formación, ascensos y destinos.",La jubilación.,El salario base.,B,LO 3/2007 Art. 67
T08-0135,8,La conciliación en las Fuerzas y Cuerpos de Seguridad se adaptará a...,Los deseos del agente.,Las peculiaridades de las funciones encomendadas.,El horario comercial.,Las normas civiles.,B,LO 3/2007 Art. 68
T08-0136,8,¿Qué se entiende por discriminación por embarazo?,Una baja médica.,Discriminación directa por razón de sexo.,Una contingencia común.,Un derecho laboral.,B,LO 3/2007 Art. 8
T08-0137,8,El acoso sexual y el acoso por razón de sexo se consideran...,Faltas leves.,Actos discriminatorios nulos de pleno derecho.,Conflictos personales.,Problemas de salud.,B,LO 3/2007 Art. 7 y 10
T08-0138,8,La inversión de la carga de la prueba en procesos de discriminación significa que el demandante solo tiene que...,Ganar el juicio.,Aportar indicios fundados de discriminación.,Esperar sentencia.,Pagar al abogado.,B,LO 3/2007 Art. 13
T08-0139,8,El principio de presencia equilibrada busca que ningún sexo tenga una representación...,Superior al 50%.,Inferior al 40% ni superior al 60%.,Total.,Nula.,B,LO 3/2007 Disp. Adic. 1
T08-0140,8,Las acciones positivas son medidas...,Permanentes.,Temporales y específicas para corregir desigualdades patentes.,Universales.,Abstractas.,B,LO 3/2007 Art. 11
T08-0141,8,La protección contra represalias (art. 9) se aplica a...,Solo la víctima.,Cualquier persona que realice acciones para exigir el cumplimiento del principio de igualdad.,Solo los testigos.,Solo los abogados.,B,LO 3/2007 Art. 9
T08-0142,8,La tutela judicial efectiva contra la discriminación incluye la posibilidad de pedir...,Solo dinero.,El cese de la conducta discriminatoria.,Prisión para el jefe.,El cierre de la empresa.,B,LO 3/2007 Art. 12
T08-0143,8,El ámbito de la Ley 3/2007 abarca...,Solo lo laboral.,"Las esferas política, civil, laboral, económica, social y cultural.",Solo lo penal.,Solo lo administrativo.,B,LO 3/2007 Art. 1
T08-0144,8,La discriminación indirecta ocurre cuando una norma neutra pone a personas de un sexo en...,Ventaja.,Desventaja particular.,Igualdad.,Duda.,B,LO 3/2007 Art. 6
T08-0145,8,El acoso por razón de sexo es un comportamiento realizado en función del...,Deseo sexual.,Sexo de una persona.,Trabajo que realiza.,Sueldo que cobra.,B,LO 3/2007 Art. 7
T08-0146,8,¿Es válida una cláusula contractual que discrimine por razón de sexo?,Sí, si se firma.,"No, es nula y sin efecto.",Depende del salario.,Solo si es temporal.,B
T08-0147,8,La obligación de igualdad de trato entre mujeres y hombres vincula a...,Solo al Estado.,Todos los Poderes Públicos.,Solo a los jueces.,Solo a la policía.,B,LO 3/2007 Art. 1 (Contexto general)
T08-0148,8,"En la AGE, los planes de igualdad son objeto de...",Imposición.,Negociación con la representación de los empleados.,Votación popular.,Secreto.,B,LO 3/2007 Art. 64
T08-0149,8,El informe de impacto de género en las pruebas selectivas de la AGE analiza...,El coste.,El impacto de las bases de la convocatoria en la igualdad.,La dificultad de las preguntas.,El número de opositores.,B,LO 3/2007 Art. 55
T08-0150,8,La formación en igualdad en la AGE busca capacitar a los empleados para...,Ser jueces.,Integrar el principio de igualdad en su actividad administrativa.,Hacer huelgas.,Redactar leyes.,B,LO 3/2007 Art. 61
T08-0151,8,"Según el artículo 1 de la Ley 3/2007, la igualdad de trato y de oportunidades entre mujeres y hombres es un principio informador del ordenamiento jurídico y, como tal...",Se aplicará solo en el ámbito laboral.,Se integrará y observará en la interpretación y aplicación de las normas jurídicas.,Solo obliga a la Administración Pública.,Es una recomendación política.,B,LO 3/2007 Art. 4
T08-0152,8,El ámbito subjetivo de aplicación de la Ley 3/2007 incluye a...,Solo las personas físicas.,"Toda persona, física o jurídica, que se encuentre o actúe en territorio español.",Solo las personas jurídicas públicas.,Solo los ciudadanos españoles.,B,LO 3/2007 Art. 2
T08-0153,8,"El acoso sexual se define como cualquier comportamiento, verbal o físico, de naturaleza sexual que tenga el propósito o produzca el efecto de...",Violentar a la víctima.,"Atentar contra la dignidad de una persona, en particular creando un entorno intimidatorio, degradante u ofensivo.",Causar daño físico.,Provocar el despido.,B,LO 3/2007 Art. 7
T08-0154,8,Se considera discriminación por razón de sexo...,Solo el trato desfavorable directo.,Todo trato desfavorable a las mujeres relacionado con el embarazo o la maternidad.,Solo si hay intención de dañar.,Solo si ocurre en el trabajo.,B,LO 3/2007 Art. 8
T08-0155,8,La indemnidad frente a represalias protege contra el trato adverso por haber...,Solicitado un aumento de sueldo.,"Formulado una queja, reclamación, denuncia, demanda o recurso para exigir el cumplimiento del principio de igualdad.",Llegado tarde al trabajo.,Faltado al respeto a un superior.,B,LO 3/2007 Art. 9
T08-0156,8,Los actos y cláusulas de los negocios jurídicos que constituyan discriminación por razón de sexo se considerarán...,Anulables.,Nulos y sin efecto.,Válidos si hay consentimiento.,Subsanables.,B,LO 3/2007 Art. 10
T08-0157,8,Las acciones positivas para corregir desigualdades de hecho respecto de las mujeres deben ser...,Eternas.,Razonables y proporcionadas en relación con el objetivo perseguido en cada caso.,Impuestas por ley siempre.,Aprobadas por referéndum.,B,LO 3/2007 Art. 11
T08-0158,8,"En los litigios sobre acoso sexual y acoso por razón de sexo, la persona acosada será la única legitimada, salvo...",En procesos penales.,En los litigios sobre acoso sexual y acoso por razón de sexo (art. 12.2 dice que será la única legitimada en estos litigios).,Si delega en un sindicato.,Si el acoso es público.,B,LO 3/2007 Art. 12
T08-0159,8,La inversión de la carga de la prueba en procedimientos discriminatorios NO se aplica a...,Los juicios laborales.,Los procesos penales y sancionadores administrativos.,Los juicios civiles.,Los recursos administrativos.,B,LO 3/2007 Art. 13
T08-0160,8,"En el ámbito del empleo público, las Administraciones Públicas promoverán la igualdad en...",Solo el acceso.,"El acceso, la formación y la promoción profesional.",Solo las retribuciones.,Solo los horarios.,B,LO 3/2007 Art. 51
T08-0161,8,El principio de presencia equilibrada se aplica a los nombramientos de...,Personal administrativo.,Titulares de órganos directivos de la Administración General del Estado.,Becarios.,Contratistas externos.,B,LO 3/2007 Art. 52
T08-0162,8,Los tribunales de selección de la AGE deberán ajustar su composición al principio de...,Antigüedad.,Presencia equilibrada de mujeres y hombres.,Jerarquía funcional.,Turno rotatorio.,B,LO 3/2007 Art. 53
T08-0163,8,"Si no se puede cumplir la paridad en un tribunal de selección, se debe...",Suspender la prueba.,Motivar las razones fundadas y objetivas.,Pedir dispensa al Ministro.,Sustituir por sorteo.,B,LO 3/2007 Art. 53
T08-0164,8,La designación de representantes de la AGE en órganos colegiados debe observar el principio de...,Capacidad.,Presencia equilibrada de mujeres y hombres.,Lealtad institucional.,Representatividad sindical.,B,LO 3/2007 Art. 54
T08-0165,8,El informe de impacto de género es preceptivo en la aprobación de...,Solo leyes.,Convocatorias de pruebas selectivas para el acceso al empleo público.,Cualquier contrato menor.,Nombramientos de libre designación.,B,LO 3/2007 Art. 55
T08-0166,8,El permiso de paternidad (actualmente del progenitor diferente) se regula para...,Dar vacaciones.,"Proteger la maternidad y facilitar la conciliación de la vida personal, familiar y laboral.",Cumplir directivas europeas.,Ahorrar costes a la empresa.,B,LO 3/2007 Art. 56
T08-0167,8,"En los concursos de méritos, el tiempo de excedencia por cuidado de hijos se computa a efectos de...",Jubilación anticipada.,Valoración del trabajo desarrollado y méritos.,Solo antigüedad.,Solo trienios.,B,LO 3/2007 Art. 57
T08-0168,8,La licencia por riesgo durante el embarazo garantiza a la funcionaria...,El puesto de trabajo.,La plenitud de los derechos económicos durante toda su duración.,El teletrabajo.,La reducción de jornada.,B,LO 3/2007 Art. 58
T08-0169,8,"Si las vacaciones coinciden con una baja por riesgo durante el embarazo, la empleada pública...",Las pierde.,"Tiene derecho a disfrutarlas en fecha distinta, aunque haya terminado el año natural.",Solo cobra la mitad.,Debe disfrutarlas antes.,B,LO 3/2007 Art. 59
T08-0170,8,La preferencia en la adjudicación de plazas de formación tras una excedencia por cuidado dura...,6 meses.,Un año.,2 años.,3 años.,B,LO 3/2007 Art. 60
T08-0171,8,"Para facilitar el acceso a puestos directivos, se reservará en los cursos de formación al menos...",Un 20% de plazas.,Un 40% de las plazas para empleadas públicas.,Un 50% de las plazas.,Un 60% de las plazas.,B,LO 3/2007 Art. 60
T08-0172,8,La formación para la igualdad en la AGE se dirigirá a...,Solo mujeres.,Todo su personal.,Solo mandos intermedios.,Solo sindicatos.,B,LO 3/2007 Art. 61
T08-0173,8,El protocolo de actuación frente al acoso sexual en la AGE debe garantizar...,La publicidad.,El tratamiento reservado de las denuncias.,La sanción inmediata.,La mediación obligatoria.,B,LO 3/2007 Art. 62
T08-0174,8,La información anual sobre igualdad en la AGE debe incluir datos desagregados por...,Edad.,Sexo.,Provincia.,Nivel de estudios.,B,LO 3/2007 Art. 63
T08-0175,8,¿Quién evalúa anualmente el cumplimiento del Plan de Igualdad en la AGE?,El Ministerio de Igualdad.,El Consejo de Ministros.,El Tribunal de Cuentas.,Los sindicatos.,B,LO 3/2007 Art. 64
T08-0176,8,El Plan de Igualdad en la AGE se aprobará...,Anualmente.,Al inicio de cada legislatura.,Cada 10 años.,Cuando haya presupuesto.,B,LO 3/2007 Art. 64
T08-0177,8,Las normas de las Fuerzas Armadas procurarán la efectividad del principio de igualdad en...,El combate.,"El régimen de acceso, formación, ascensos, destinos y situaciones administrativas.",El uso de armas.,El saludo militar.,B,LO 3/2007 Art. 65
T08-0178,8,La conciliación en las Fuerzas Armadas se aplicará...,Sin límites.,Con las adaptaciones que resulten necesarias y en los términos de su normativa específica.,Igual que en la empresa privada.,Solo en tierra.,B,LO 3/2007 Art. 66
T08-0179,8,En las Fuerzas y Cuerpos de Seguridad del Estado se promoverá la igualdad efectiva impidiendo discriminación en...,El sueldo base.,"El sistema de acceso, formación, ascensos, destinos y situaciones administrativas.",El uso de uniformes.,La jubilación.,B,LO 3/2007 Art. 67
T08-0180,8,La conciliación en las Fuerzas y Cuerpos de Seguridad se adaptará a...,Los deseos del agente.,Las peculiaridades de las funciones que tienen encomendadas.,El horario escolar.,La normativa europea.,B,LO 3/2007 Art. 68
T08-0181,8,Se considera discriminación indirecta cuando una disposición aparentemente neutra pone a personas de un sexo en...,Peligro.,Desventaja particular con respecto a personas del otro.,Situación de ventaja.,Igualdad.,B,LO 3/2007 Art. 6
T08-0182,8,El acoso por razón de sexo es un comportamiento realizado en función del...,Deseo sexual.,"Sexo de una persona, con el propósito o efecto de atentar contra su dignidad.",Trabajo que realiza.,Nivel económico.,B,LO 3/2007 Art. 7
T08-0183,8,La tutela judicial efectiva contra la discriminación permite recabar...,Solo daños morales.,"La tutela del derecho a la igualdad ante los tribunales, incluso tras la terminación de la relación.",Solo el despido nulo.,Solo una disculpa.,B,LO 3/2007 Art. 12
T08-0184,8,¿Quién tiene legitimación procesal en litigios sobre discriminación además de la víctima?,Nadie.,Las personas jurídicas legalmente habilitadas para la defensa de derechos e intereses legítimos colectivos.,Cualquier ciudadano.,La prensa.,B,LO 3/2007 Art. 12
T08-0185,8,La nulidad de los actos discriminatorios implica la obligación de...,Pedir perdón.,Reparar o indemnizar el daño causado.,Publicar la sentencia en el BOE.,Cerrar la empresa.,B,LO 3/2007 Art. 10
T08-0186,8,"El principio de igualdad de trato supone la ausencia de toda discriminación, directa o...",Inversa.,Indirecta.,Positiva.,Justificada.,B,LO 3/2007 Art. 3
T08-0187,8,Las obligaciones de la Ley 3/2007 se aplican a...,Solo españoles.,Toda persona que se encuentre o actúe en territorio español.,Solo residentes.,Solo trabajadores.,B,LO 3/2007 Art. 2
T08-0188,8,El condicionamiento de un derecho a la aceptación de una situación de acoso se considera...,Chantaje.,Acto de discriminación por razón de sexo.,Delito de coacciones.,Falta leve.,B,LO 3/2007 Art. 7
T08-0189,8,La discriminación por embarazo es una discriminación...,Indirecta.,Directa por razón de sexo.,Justificada.,Laboral.,B,LO 3/2007 Art. 8
T08-0190,8,El protocolo de actuación frente al acoso sexual en la AGE debe ser...,Secreto.,Negociado con la representación legal de los trabajadores.,Impuesto unilateralmente.,Opcional.,B,LO 3/2007 Art. 62
T08-0191,8,La formación en igualdad en la AGE es...,Solo para mujeres.,Para todo su personal.,Solo para directivos.,Voluntaria.,B,LO 3/2007 Art. 61
T08-0192,8,El informe de impacto de género en pruebas selectivas se debe emitir...,Al final del proceso.,Con la aprobación de las convocatorias.,Nunca.,Si hay quejas.,B,LO 3/2007 Art. 55
T08-0193,8,La reserva del 40% en cursos de formación se refiere a cursos de...,Informática.,Formación directiva y promoción profesional.,Idiomas.,Prevención de riesgos.,B,LO 3/2007 Art. 60
T08-0194,8,La licencia por riesgo durante la lactancia natural protege la salud de...,La madre solo.,La mujer y del hijo o hija.,El padre.,La empresa.,B,LO 3/2007 Art. 58
T08-0195,8,El permiso de paternidad se reconoce sin perjuicio de...,Las vacaciones.,Las mejoras de acuerdos suscritos.,El sueldo.,La antigüedad.,B,LO 3/2007 Art. 56
T08-0196,8,La evaluación del cumplimiento del principio de igualdad en el empleo público se hace...,Semestralmente.,Anualmente.,Cada 4 años.,Nunca.,B,LO 3/2007 Art. 63
T08-0197,8,El Plan de Igualdad en la AGE establecerá...,Sanciones.,Objetivos y estrategias.,Presupuesto cerrado.,Nombres y apellidos.,B,LO 3/2007 Art. 64
T08-0198,8,"En las Fuerzas Armadas, la igualdad se aplicará especialmente en...",El rancho.,"El régimen de acceso, formación, ascensos y destinos.",El uniforme de gala.,Las maniobras.,B,LO 3/2007 Art. 65
T08-0199,8,La prevención de la violencia de género en las Fuerzas y Cuerpos de Seguridad se regirá por...,El Código Penal.,"Las normas de la Administración Pública, adaptadas a sus peculiaridades.",Reglamentos secretos.,La costumbre.,B,LO 3/2007 Art. 68
T08-0200,8,La presencia equilibrada implica que ningún sexo supere el...,50%.,60% ni sea menos del 40%.,70%.,80%.,B,LO 3/2007 Disp. Adic. 1
